USE BDVENTAS
GO

IF OBJECT_ID('dbo.usp_FullInitBDVentas') IS NOT NULL
    DROP PROCEDURE dbo.usp_FullInitBDVentas
GO

CREATE PROCEDURE dbo.usp_FullInitBDVentas
AS
BEGIN
    SET NOCOUNT ON;

    PRINT '==============================='
    PRINT 'INICIANDO CARGA INICIAL'
    PRINT '==============================='

    -----------------------------------------------------
    -- DISTRITOS
    -----------------------------------------------------
    INSERT INTO DISTRITO VALUES('D01','SURCO')
    INSERT INTO DISTRITO VALUES('D02','JESUS MARIA')
    INSERT INTO DISTRITO VALUES('D03','SAN ISIDRO')
    INSERT INTO DISTRITO VALUES('D04','LA MOLINA')
    INSERT INTO DISTRITO VALUES('D05','SAN MIGUEL')
    INSERT INTO DISTRITO VALUES('D06','MIRAFLORES')
    INSERT INTO DISTRITO VALUES('D07','BARRANCO')
    INSERT INTO DISTRITO VALUES('D08','CHORRILLOS')
    INSERT INTO DISTRITO VALUES('D09','SAN BORJA')
    INSERT INTO DISTRITO VALUES('D10','LINCE')
    INSERT INTO DISTRITO VALUES('D11','BREŃA')
    INSERT INTO DISTRITO VALUES('D12','MAGDALENA')
    INSERT INTO DISTRITO VALUES('D13','RIMAC')
    INSERT INTO DISTRITO VALUES('D14','SURQUILLO')
    INSERT INTO DISTRITO VALUES('D15','PUEBLO LIBRE')
    INSERT INTO DISTRITO VALUES('D16','BELLAVISTA')
    INSERT INTO DISTRITO VALUES('D17','CALLAO')
    INSERT INTO DISTRITO VALUES('D18','SAN MARTIN DE PORRES')
    INSERT INTO DISTRITO VALUES('D19','SANTA ANITA')
    INSERT INTO DISTRITO VALUES('D20','LOS OLIVOS')
    INSERT INTO DISTRITO VALUES('D21','INDEPENDENCIA')
    INSERT INTO DISTRITO VALUES('D22','LIMA - CERCADO')
    INSERT INTO DISTRITO VALUES('D24','SAN LUIS')
    INSERT INTO DISTRITO VALUES('D25','EL AGUSTINO')
    INSERT INTO DISTRITO VALUES('D26','SAN JUAN DE LURIGANCHO')
    INSERT INTO DISTRITO VALUES('D27','ATE - VITARTE')
    INSERT INTO DISTRITO VALUES('D28','SAN JUAN DE MIRAFLORES')
    INSERT INTO DISTRITO VALUES('D29','CARMEN DE LA LEGUA')
    INSERT INTO DISTRITO VALUES('D30','COMAS')
    INSERT INTO DISTRITO VALUES('D31','VILLA MARIA DEL TRIUNFO')
    INSERT INTO DISTRITO VALUES('D32','VILLA EL SALVADOR')
    INSERT INTO DISTRITO VALUES('D33','LA PERLA')
    INSERT INTO DISTRITO VALUES('D34','VENTANILLA')
    INSERT INTO DISTRITO VALUES('D35','PUENTE PIEDRA')
    INSERT INTO DISTRITO VALUES('D36','CARABAYLLO')
    INSERT INTO DISTRITO VALUES('D37','SANTA MARIA')

    -----------------------------------------------------
    -- CLIENTES
    -----------------------------------------------------
    INSERT INTO CLIENTE VALUES('C001','TechSolutions SAC','AV. LOS VIŃEDOS 150','4342318','48632081','D05','12/10/2018','1','ALICIA BARRETO')
    INSERT INTO CLIENTE VALUES('C002','DataNet Peru','AV. EMILIO CAVENECIA 225','4406335','57031642','D04','02/01/2019','2','ALFONSO BELTRAN')
    INSERT INTO CLIENTE VALUES('C003','RedCom Systems','JR. COLLAGATE 522','75012403',NULL,'D05','06/03/2017','2','CHRISTIAN LAGUNA')
    INSERT INTO CLIENTE VALUES('C004','Global Fiber','CALLE LOS AVIADORES 263','3725910','46720159','D01','09/12/2020','1','LUIS APUMAYTA')
    INSERT INTO CLIENTE VALUES('C005','CyberNetwork SAC','AV. TOMAS MARSANO 880','4446177','83175942','D14','10/01/2021','1','KATIA ARMEJO')
    INSERT INTO CLIENTE VALUES('C006','IT Infrastructure Peru','AV. LOS PROCERES 521','3810322','54890124','D05','07/05/2022','1','JUDITH ASTE')
    INSERT INTO CLIENTE VALUES('C007','FiberTech','JR. EL NIQUEL 282','5289034','16204790','D20','10/02/2018','2','HECTOR VIVANCO')
    INSERT INTO CLIENTE VALUES('C008','Innova Networks','AV. SAN LUIS 2619 5TO P','2249493','34021824','D09','01/07/2017','2','CARLOS VILLANUEVA')
    INSERT INTO CLIENTE VALUES('C009','NetSecure','JR. IQUIQUE 132','43233519',NULL,'D11','06/11/2016','1','JORGE VALDIVIA')
    INSERT INTO CLIENTE VALUES('C010','Telecom Solutions','AV. NICOLAS DE AYLLON 1453','3267840','30405261','D05','11/06/2021','2','RAQUEL ESPINOZA')
    INSERT INTO CLIENTE VALUES('C011','WiFiPro SAC','AV. EL SANTUARIO 1189','4598175','70345201','D26','08/04/2019','1','ANGELICA VIVAS')
    INSERT INTO CLIENTE VALUES('C012','Digital Systems','JR. GRITO DE HUAURA 114','4206434','62014503','D05','11/08/2018','1','KARINA VEGA')
    INSERT INTO CLIENTE VALUES('C013','FiberCorp','JR. AYACUCHO 359','42847990',NULL,'D22','03/09/2022','2','ERNESTO UEHARA')
    INSERT INTO CLIENTE VALUES('C014','CloudNet','AV. SANTA CRUZ 1332 OF.201','4412418','22202915','D06','10/05/2017','1','MIGUEL ARCE')
    INSERT INTO CLIENTE VALUES('C015','InfraTech','AV. ELMER FAUCETT 1638','4641234','50319542','D16','06/11/2018','2','RICARDO GOMEZ')
    INSERT INTO CLIENTE VALUES('C016','SecureLink','JR. BARTOLOME HERRERA 451','2658853','26403158','D10','05/04/2022','2','GIANCARLO BONIFAZ')
    INSERT INTO CLIENTE VALUES('C017','Network Pro','CALLE JUAN FANNING 327','4779834','70594032','D07','05/12/2023','1','PAOLA URIBE')
    INSERT INTO CLIENTE VALUES('C018','TeleData','AV. SAENZ PEŃA 338 - B','4657574','35016752','D17','12/03/2019','1','ANGELA BARRETO')
    INSERT INTO CLIENTE VALUES('C019','FiberCom','AV. CANADA 3894 - 3898','4377499','57201691','D24','01/03/2016','2','ROSALYN CORTEZ')
    INSERT INTO CLIENTE VALUES('C020','IT Global Services','JR. MARISCAL MILLER 1131','4719061','46031783','D02','08/11/2016','1','CHRISTOPHER RAMOS')

    -----------------------------------------------------
    -- VENDEDORES
    -----------------------------------------------------
    INSERT INTO VENDEDOR VALUES('V01','JOSUE','RIVERA',2500,'07/12/2018','1','D08')
    INSERT INTO VENDEDOR VALUES('V02','ALEX','QUISPE',2800,'10/03/2017','2','D03')
    INSERT INTO VENDEDOR VALUES('V03','CARLOS','AREVALO',3500,'02/10/2015','2','D09')
    INSERT INTO VENDEDOR VALUES('V04','CESAR','OJEDA',2200,'08/11/2019','1','D01')
    INSERT INTO VENDEDOR VALUES('V05','JULIO','VEGA',3200,'11/05/2016','1','D01')
    INSERT INTO VENDEDOR VALUES('V06','ANA','ORTEGA',3000,'11/05/2014','1','D05')
    INSERT INTO VENDEDOR VALUES('V07','JOSE','PALACIOS',4500,'12/02/2013','1','D02')
    INSERT INTO VENDEDOR VALUES('V08','RUBEN','GOMEZ',3300,'12/08/2016','2','D04')
    INSERT INTO VENDEDOR VALUES('V09','PATRICIA','ARCE',4000,'12/05/2015','2','D04')
    INSERT INTO VENDEDOR VALUES('V10','RENATO','PEREZ',3600,'11/08/2017','2','D01')

    -----------------------------------------------------
    -- PRODUCTOS
    -----------------------------------------------------
    INSERT INTO PRODUCTO VALUES('P001','Switch 24 Puertos Gigabit',150.0, 50,200,'UNI','2','V')
    INSERT INTO PRODUCTO VALUES('P002','Router Inalámbrico AC1200',120.0, 40,150,'UNI','2','V')
    INSERT INTO PRODUCTO VALUES('P003','Punto de Acceso WiFi 6',200.0, 30,100,'UNI','2','V')
    INSERT INTO PRODUCTO VALUES('P004','Firewall de Red',500.0, 15,50,'UNI','1','F')
    INSERT INTO PRODUCTO VALUES('P005','Cable UTP Cat6 305m',80.0, 100,500,'ROLLO','1','V')
    INSERT INTO PRODUCTO VALUES('P006','Patch Panel 24 Puertos',75.0, 25,200,'UNI','1','V')
    INSERT INTO PRODUCTO VALUES('P007','Transceptor SFP 1Gb',50.0, 100,300,'UNI','1','V')
    INSERT INTO PRODUCTO VALUES('P008','Rack de 19" 42U',400.0, 10,20,'UNI','1','F')
    INSERT INTO PRODUCTO VALUES('P009','Conector RJ45 Cat6',0.5, 1000,2000,'UNI','3','V')
    INSERT INTO PRODUCTO VALUES('P010','Organizador de Cables',15.0, 200,500,'UNI','3','V')
    INSERT INTO PRODUCTO VALUES('P011','Antena WiFi Direccional',60.0, 50,100,'UNI','2','F')
    INSERT INTO PRODUCTO VALUES('P012','Switch PoE 8 Puertos',180.0, 40,80,'UNI','2','V')
    INSERT INTO PRODUCTO VALUES('P013','UPS 1000VA',250.0, 20,30,'UNI','1','F')
    INSERT INTO PRODUCTO VALUES('P014','Cable HDMI 2m',10.0, 150,200,'UNI','3','V')
    INSERT INTO PRODUCTO VALUES('P015','Cable de Fibra Optica 1km',1200.0, 5,10,'ROLLO','1','F')
    INSERT INTO PRODUCTO VALUES('P016','Media Converter 10/100/1000',90.0, 30,50,'UNI','2','V')
    INSERT INTO PRODUCTO VALUES('P017','Switch Modular 48 Puertos',600.0, 10,20,'UNI','2','F')
    INSERT INTO PRODUCTO VALUES('P018','Router Empresarial VPN',350.0, 20,40,'UNI','2','F')
    INSERT INTO PRODUCTO VALUES('P019','Access Point Exterior',220.0, 15,25,'UNI','2','V')
    INSERT INTO PRODUCTO VALUES('P020','Cable de Alimentación 3m',5.0, 200,500,'UNI','3','F')
    INSERT INTO PRODUCTO VALUES('P021','Soporte de Rack 19"',30.0, 50,100,'UNI','3','F')

    -----------------------------------------------------
    -- PROVEEDORES
    -----------------------------------------------------
    INSERT INTO PROVEEDOR VALUES('PR01','CISCO SYSTEMS','AV. ISABEL LA CATOLICA 1875','4330895','D13','CARLOS AGUIRRE')
    INSERT INTO PROVEEDOR VALUES('PR02','HPE','AV. LIMA 471','5380926','D13','CESAR TORRES')
    INSERT INTO PROVEEDOR VALUES('PR03','TP-LINK','AV. VENEZUELA 3018','2908165','D16','OMAR INJOQUE')
    INSERT INTO PROVEEDOR VALUES('PR04','NETGEAR','AV. METROPOLITANA 376',NULL,'D19','RAMON FLORES')
    INSERT INTO PROVEEDOR VALUES('PR05','D-LINK','CALLE LAS DUNAS 245','4780143','D27','JULIO ACUŃA')
    INSERT INTO PROVEEDOR VALUES('PR06','Ubiquiti','CALLE PICHINCHA 644','5662848','D11','JAVIER GONZALES')
    INSERT INTO PROVEEDOR VALUES('PR07','FORTINET','CALLE LAS PERDICES 225 OF. 204','4216184','D03','CARLOS ROBLES')
    INSERT INTO PROVEEDOR VALUES('PR08','MikroTik','AV. LOS FRUTALES 564','4364247','D27','ALBERTO RODRIGUEZ')
    INSERT INTO PROVEEDOR VALUES('PR09','Juniper Networks','AV. DEL AIRE 901','4742046','D24','ROBERTO RONCEROS')
    INSERT INTO PROVEEDOR VALUES('PR10','Aruba Networks','AV. LA PAZ 257','4459710','D06','JORGE VASQUEZ')
    INSERT INTO PROVEEDOR VALUES('PR11','Extreme Networks','AV. JOSE GALVEZ 1820 - 1844','4703944','D10','ERICKA ZEGARRA')
    INSERT INTO PROVEEDOR VALUES('PR12','Huawei','AV. MANCO CAPAC 754','3320343','D13','KARINNA PAREDES')
    INSERT INTO PROVEEDOR VALUES('PR13','Ruckus','PROLG. HUAYLAS 670','2546995','D08','LAURA ORTEGA')
    INSERT INTO PROVEEDOR VALUES('PR14','Alcatel-Lucent','AV. TEJADA 338','2473832','D07','MELISA RAMOS')
    INSERT INTO PROVEEDOR VALUES('PR15','Linksys','AV. ARGENTINA 3206 - 3250','4515272','D17','JUAN RAMIREZ')
    INSERT INTO PROVEEDOR VALUES('PR16','Belkin','CALLE JOAQUIN MADRID 141 2DO P',NULL,'D09','ROCIO GUERRERO')
    INSERT INTO PROVEEDOR VALUES('PR17','Hikvision','AV. SANTA ROSA 480',NULL,'D19','MARIA PEREZ')
    INSERT INTO PROVEEDOR VALUES('PR18','TP-LINK Business','AV. MORALES DUAREZ 1260','4525536','D29','PABLO MARTEL')
    INSERT INTO PROVEEDOR VALUES('PR19','Zyxel','URB.PRO INDUSTRIAL MZ B6 LT 16','5369893','D18','ANGELA RENDILLA')
    INSERT INTO PROVEEDOR VALUES('PR20','Netis','AV. ARNALDO MARQUEZ 1219',NULL,'D02','VANESA QUINTANA')

    -----------------------------------------------------
    -- ORDEN COMPRA
    -----------------------------------------------------
    INSERT INTO ORDEN_COMPRA VALUES('OC001','2013-03-05','PR08','2013-03-12','1')
    INSERT INTO ORDEN_COMPRA VALUES('OC002','2013-04-08','PR16','2013-04-10','1')
    INSERT INTO ORDEN_COMPRA VALUES('OC003','2013-08-02','PR10','2013-08-02','3')
    INSERT INTO ORDEN_COMPRA VALUES('OC004','2013-04-05','PR01','2013-04-05','3')
    INSERT INTO ORDEN_COMPRA VALUES('OC005','2013-03-06','PR07','2013-03-10','1')
    INSERT INTO ORDEN_COMPRA VALUES('OC006','2013-01-02','PR19','2013-01-02','1')
    INSERT INTO ORDEN_COMPRA VALUES('OC007','2013-02-06','PR20','2013-04-05','3')
    INSERT INTO ORDEN_COMPRA VALUES('OC008','2013-06-02','PR04','2013-07-01','1')
    INSERT INTO ORDEN_COMPRA VALUES('OC009','2013-08-03','PR11','2013-09-10','1')
    INSERT INTO ORDEN_COMPRA VALUES('OC010','2013-09-05','PR01','2013-09-05','1')
    INSERT INTO ORDEN_COMPRA VALUES('OC011','2013-10-02','PR03','2013-10-03','1')
    INSERT INTO ORDEN_COMPRA VALUES('OC012','2013-10-04','PR14','2013-10-05','3')
    INSERT INTO ORDEN_COMPRA VALUES('OC013','2013-11-02','PR05','2013-11-06','1')
    INSERT INTO ORDEN_COMPRA VALUES('OC014','2013-11-03','PR19','2013-12-05','1')
    INSERT INTO ORDEN_COMPRA VALUES('OC015','2013-11-03','PR18','2013-12-10','1')
    INSERT INTO ORDEN_COMPRA VALUES('OC016','2013-12-06','PR06','2013-12-06','3')
    INSERT INTO ORDEN_COMPRA VALUES('OC017','2013-01-08','PR09','2013-01-08','1')
    INSERT INTO ORDEN_COMPRA VALUES('OC018','2013-02-01','PR20','2013-02-08','1')
    INSERT INTO ORDEN_COMPRA VALUES('OC019','2013-03-03','PR11','2013-03-06','1')
    INSERT INTO ORDEN_COMPRA VALUES('OC020','2013-04-02','PR05','2013-04-02','2')

    -----------------------------------------------------
    -- DETALLE COMPRA
    -----------------------------------------------------
    INSERT INTO DETALLE_COMPRA VALUES('OC001','P006','100')
    INSERT INTO DETALLE_COMPRA VALUES('OC001','P016','20')
    INSERT INTO DETALLE_COMPRA VALUES('OC002','P003','200')
    INSERT INTO DETALLE_COMPRA VALUES('OC002','P005','500')
    INSERT INTO DETALLE_COMPRA VALUES('OC003','P005','50')
    INSERT INTO DETALLE_COMPRA VALUES('OC004','P009','10')
    INSERT INTO DETALLE_COMPRA VALUES('OC004','P013','50')
    INSERT INTO DETALLE_COMPRA VALUES('OC005','P007','150')
    INSERT INTO DETALLE_COMPRA VALUES('OC005','P008','100')
    INSERT INTO DETALLE_COMPRA VALUES('OC008','P002','10')
    INSERT INTO DETALLE_COMPRA VALUES('OC008','P012','100')
    INSERT INTO DETALLE_COMPRA VALUES('OC009','P009','50')
    INSERT INTO DETALLE_COMPRA VALUES('OC009','P011','50')
    INSERT INTO DETALLE_COMPRA VALUES('OC010','P001','100')
    INSERT INTO DETALLE_COMPRA VALUES('OC011','P008','5')
    INSERT INTO DETALLE_COMPRA VALUES('OC011','P016','10')
    INSERT INTO DETALLE_COMPRA VALUES('OC012','P007','50')
    INSERT INTO DETALLE_COMPRA VALUES('OC012','P011','100')
    INSERT INTO DETALLE_COMPRA VALUES('OC013','P013','50')
    INSERT INTO DETALLE_COMPRA VALUES('OC014','P004','50')
    INSERT INTO DETALLE_COMPRA VALUES('OC014','P008','50')
    INSERT INTO DETALLE_COMPRA VALUES('OC014','P020','50')
    INSERT INTO DETALLE_COMPRA VALUES('OC016','P015','100')
    INSERT INTO DETALLE_COMPRA VALUES('OC017','P012','100')
    INSERT INTO DETALLE_COMPRA VALUES('OC017','P014','100')
    INSERT INTO DETALLE_COMPRA VALUES('OC019','P006','100')
    INSERT INTO DETALLE_COMPRA VALUES('OC020','P005','500')
    INSERT INTO DETALLE_COMPRA VALUES('OC020','P011','100')

    -----------------------------------------------------
    -- FACTURA
    -----------------------------------------------------
    INSERT INTO FACTURA VALUES('FA001','2013-07-06','C001','2013-08-05','2','V01',0.19)
    INSERT INTO FACTURA VALUES('FA002','2013-07-06','C019','2013-08-05','3','V02',0.19)
    INSERT INTO FACTURA VALUES('FA003','2013-09-01','C003','2013-10-03','2','V04',0.19)
    INSERT INTO FACTURA VALUES('FA004','2013-09-06','C016','2013-10-05','2','V07',0.19)
    INSERT INTO FACTURA VALUES('FA005','2013-10-01','C015','2013-10-12','2','V08',0.19)
    INSERT INTO FACTURA VALUES('FA006','2013-08-01','C009','2013-08-05','3','V05',0.19)
    INSERT INTO FACTURA VALUES('FA007','2013-10-05','C019','2013-10-10','1','V09',0.19)
    INSERT INTO FACTURA VALUES('FA008','2013-10-04','C012','2013-10-06','2','V10',0.19)
    INSERT INTO FACTURA VALUES('FA009','2013-10-03','C008','2013-10-10','2','V09',0.19)
    INSERT INTO FACTURA VALUES('FA010','2013-10-01','C017','2013-10-06','2','V02',0.19)
    INSERT INTO FACTURA VALUES('FA011','2013-09-10','C019','2013-09-10','2','V05',0.19)
    INSERT INTO FACTURA VALUES('FA012','2013-12-01','C014','2013-12-01','1','V04',0.19)
    INSERT INTO FACTURA VALUES('FA013','2013-12-01','C011','2013-12-01','3','V08',0.19)
    INSERT INTO FACTURA VALUES('FA014','2012-12-01','C020','2013-12-01','2','V09',0.19)
    INSERT INTO FACTURA VALUES('FA015','2012-12-08','C015','2013-01-06','2','V07',0.19)
    INSERT INTO FACTURA VALUES('FA016','2013-01-06','C016','2013-01-09','2','V05',0.19)
    INSERT INTO FACTURA VALUES('FA017','2013-01-06','C015','2013-01-06','1','V06',0.19)
    INSERT INTO FACTURA VALUES('FA018','2013-02-03','C016','2013-02-04','2','V10',0.19)
    INSERT INTO FACTURA VALUES('FA019','2013-02-07','C008','2013-03-01','2','V03',0.19)
    INSERT INTO FACTURA VALUES('FA020','2013-02-06','C013','2013-03-10','2','V02',0.19)

    -----------------------------------------------------
    -- DETALLE FACTURA
    -----------------------------------------------------
    INSERT INTO DETALLE_FACTURA VALUES('FA001','P007','6','50')
    INSERT INTO DETALLE_FACTURA VALUES('FA001','P011','25','60')
    INSERT INTO DETALLE_FACTURA VALUES('FA001','P013','11','250')
    INSERT INTO DETALLE_FACTURA VALUES('FA002','P004','8','500')
    INSERT INTO DETALLE_FACTURA VALUES('FA003','P002','10','120')
    INSERT INTO DETALLE_FACTURA VALUES('FA003','P011','6','60')
    INSERT INTO DETALLE_FACTURA VALUES('FA003','P017','21','600')
    INSERT INTO DETALLE_FACTURA VALUES('FA003','P019','12','220')
    INSERT INTO DETALLE_FACTURA VALUES('FA004','P004','3','500')
    INSERT INTO DETALLE_FACTURA VALUES('FA004','P009','50','0.5')
    INSERT INTO DETALLE_FACTURA VALUES('FA005','P003','20','200')
    INSERT INTO DETALLE_FACTURA VALUES('FA005','P006','50','75')
    INSERT INTO DETALLE_FACTURA VALUES('FA005','P020','5','5')
    INSERT INTO DETALLE_FACTURA VALUES('FA006','P002','20','120')
    INSERT INTO DETALLE_FACTURA VALUES('FA006','P003','15','200')
    INSERT INTO DETALLE_FACTURA VALUES('FA006','P009','12','0.5')
    INSERT INTO DETALLE_FACTURA VALUES('FA007','P003','20','200')
    INSERT INTO DETALLE_FACTURA VALUES('FA007','P012','4','180')
    INSERT INTO DETALLE_FACTURA VALUES('FA008','P004','15','500')
    INSERT INTO DETALLE_FACTURA VALUES('FA008','P008','15','400')
    INSERT INTO DETALLE_FACTURA VALUES('FA008','P020','50','5')
    INSERT INTO DETALLE_FACTURA VALUES('FA009','P001','5','150')
    INSERT INTO DETALLE_FACTURA VALUES('FA009','P002','15','120')
    INSERT INTO DETALLE_FACTURA VALUES('FA009','P006','2','75')
    INSERT INTO DETALLE_FACTURA VALUES('FA009','P019','1','220')
    INSERT INTO DETALLE_FACTURA VALUES('FA010','P002','3','120')
    INSERT INTO DETALLE_FACTURA VALUES('FA011','P002','20','120')
    INSERT INTO DETALLE_FACTURA VALUES('FA012','P002','3','120')
    INSERT INTO DETALLE_FACTURA VALUES('FA012','P006','1','75')
    INSERT INTO DETALLE_FACTURA VALUES('FA013','P002','130','120')
    INSERT INTO DETALLE_FACTURA VALUES('FA013','P003','5','200')
    INSERT INTO DETALLE_FACTURA VALUES('FA013','P015','4','1200')
    INSERT INTO DETALLE_FACTURA VALUES('FA014','P009','10','0.5')
    INSERT INTO DETALLE_FACTURA VALUES('FA015','P008','5','400')
    INSERT INTO DETALLE_FACTURA VALUES('FA015','P016','3','90')
    INSERT INTO DETALLE_FACTURA VALUES('FA016','P006','15','75')
    INSERT INTO DETALLE_FACTURA VALUES('FA016','P008','2','400')
    INSERT INTO DETALLE_FACTURA VALUES('FA017','P002','120','120')
    INSERT INTO DETALLE_FACTURA VALUES('FA017','P005','120','80')
    INSERT INTO DETALLE_FACTURA VALUES('FA018','P003','4','200')
    INSERT INTO DETALLE_FACTURA VALUES('FA018','P005','6','80')
    INSERT INTO DETALLE_FACTURA VALUES('FA019','P002','150','120')
    INSERT INTO DETALLE_FACTURA VALUES('FA019','P003','6','200')
    INSERT INTO DETALLE_FACTURA VALUES('FA019','P006','2','75')
    INSERT INTO DETALLE_FACTURA VALUES('FA019','P008','10','400')
    INSERT INTO DETALLE_FACTURA VALUES('FA020','P009','120','0.5')
    INSERT INTO DETALLE_FACTURA VALUES('FA020','P015','5','1200')

    -----------------------------------------------------
    -- ABASTECIMIENTO
    -----------------------------------------------------
    INSERT INTO ABASTECIMIENTO VALUES('PR01','P003','8')
    INSERT INTO ABASTECIMIENTO VALUES('PR01','P005','35')
    INSERT INTO ABASTECIMIENTO VALUES('PR01','P007','3')
    INSERT INTO ABASTECIMIENTO VALUES('PR01','P009','8')
    INSERT INTO ABASTECIMIENTO VALUES('PR01','P011','18')
    INSERT INTO ABASTECIMIENTO VALUES('PR02','P002','30')
    INSERT INTO ABASTECIMIENTO VALUES('PR02','P007','3')
    INSERT INTO ABASTECIMIENTO VALUES('PR03','P002','32')
    INSERT INTO ABASTECIMIENTO VALUES('PR03','P004','7')
    INSERT INTO ABASTECIMIENTO VALUES('PR04','P001','28')
    INSERT INTO ABASTECIMIENTO VALUES('PR04','P006','40')
    INSERT INTO ABASTECIMIENTO VALUES('PR05','P018','9')
    INSERT INTO ABASTECIMIENTO VALUES('PR06','P009','7')
    INSERT INTO ABASTECIMIENTO VALUES('PR06','P017','8')
    INSERT INTO ABASTECIMIENTO VALUES('PR07','P016','15')
    INSERT INTO ABASTECIMIENTO VALUES('PR07','P019','7')
    INSERT INTO ABASTECIMIENTO VALUES('PR08','P006','42')
    INSERT INTO ABASTECIMIENTO VALUES('PR08','P010','6')
    INSERT INTO ABASTECIMIENTO VALUES('PR09','P002','30')
    INSERT INTO ABASTECIMIENTO VALUES('PR09','P014','17')
    INSERT INTO ABASTECIMIENTO VALUES('PR11','P001','27')
    INSERT INTO ABASTECIMIENTO VALUES('PR11','P006','44')
    INSERT INTO ABASTECIMIENTO VALUES('PR12','P002','33')
    INSERT INTO ABASTECIMIENTO VALUES('PR12','P010','7')
    INSERT INTO ABASTECIMIENTO VALUES('PR13','P005','35')
    INSERT INTO ABASTECIMIENTO VALUES('PR14','P016','15')
    INSERT INTO ABASTECIMIENTO VALUES('PR15','P020','45')
    INSERT INTO ABASTECIMIENTO VALUES('PR16','P008','25')
    INSERT INTO ABASTECIMIENTO VALUES('PR16','P012','9')
    INSERT INTO ABASTECIMIENTO VALUES('PR16','P013','15')
    INSERT INTO ABASTECIMIENTO VALUES('PR19','P008','28')
    INSERT INTO ABASTECIMIENTO VALUES('PR19','P016','16')
    INSERT INTO ABASTECIMIENTO VALUES('PR20','P012','10')
    INSERT INTO ABASTECIMIENTO VALUES('PR20','P020','43')

    PRINT '==============================='
    PRINT 'CARGA INICIAL COMPLETADA'
    PRINT '==============================='

END
GO